date,customer_id,segment,product,amount,currency,category,branch
2025-12-07,CUST_176517,CORPORATE,CURRENT_ACCOUNT,7912.44,SGD,CASH_WITHDRAWAL,  Orchard  
2026-04-08,CUST_271790,SME,CREDIT_CARD,"$26,155.04",SGD,LOAN_REPAYMENT,Jurong East
2026-06-16,CUST_641058,RETAIL,INVESTMENT,"$8,015.18",SGD,CASH_WITHDRAWAL,Orchard
2026-03-28,CUST_433632,CORPORATE,LOAN,35264.34,SGD,CASH_WITHDRAWAL,Marina Bay
Jan 17 2026,CUST_225710,PRIVATE,SAVINGS,28950.16,SGD,ATM,Tampines
2025-09-06,CUST_671015,RETAIL,SAVINGS,45421.49,SGD,ATM,Raffles Place
2026-02-11,CUST_195656,RETAIL,CURRENT_ACCOUNT,21599.51,SGD,PAYMENT,Orchard
2026-03-21,CUST_146489,RETAIL,INVESTMENT,16933.98,SGD,LOAN_REPAYMENT,Tampines
2026-01-26,CUST_749840,SME,SAVINGS,41084.85,SGD,FX,Marina Bay
2026-05-13,CUST_908320,PRIVATE,INVESTMENT,1897.0,SGD,FX,Orchard
2025-10-13,CUST_954779,RETAIL,SAVINGS,48138.97,SGD,ATM,Jurong East
2025-10-04,CUST_331577,RETAIL,SAVINGS,23914.31,SGD,FX,Jurong East
2025-09-19,CUST_404466,RETAIL,SAVINGS,35593.34,SGD,LOAN_REPAYMENT,Orchard
2025-10-27,CUST_903013,PRIVATE,LOAN,31341.15,SGD,ATM,Marina Bay
2025-10-13,CUST_319684,CORPORATE,CREDIT_CARD,35094.0,SGD,ATM,Woodlands
2026-03-11,CUST_338596,CORPORATE,CURRENT_ACCOUNT,29180.33,SGD,LOAN_REPAYMENT,Marina Bay
2025-09-14,CUST_703634,RETAIL,LOAN,24723.91,SGD,LOAN_REPAYMENT,Marina Bay
05/09/2025,CUST_761759,RETAIL,SAVINGS,3379.34,SGD,PAYMENT,Raffles Place
2026-06-12,CUST_786735,RETAIL,LOAN,"$30,786.45",SGD,PAYMENT,Raffles Place
2026-02-25,CUST_573962,PRIVATE,SAVINGS,,SGD,LOAN_REPAYMENT,Woodlands
2026-02-22,CUST_516359,CORPORATE,CURRENT_ACCOUNT,21816.62,SGD,ATM,  Jurong East  
2026-04-21,CUST_337144,SME,INVESTMENT,48727.58,SGD,FX,Marina Bay
2025-11-06,C5944,RETAIL,INVESTMENT,33907.66,SGD,Transfer,Raffles Place
2025-10-04,CUST_335137,RETAIL,CREDIT_CARD,42270.22,SGD,PAYMENT,Woodlands
2025-08-20,CUST_685181,SME,INVESTMENT,29810.38,SGD,FX,Tampines
2025-08-03,CUST_740255,RETAIL,LOAN,11707.81,SGD,CASH_WITHDRAWAL,Orchard
2025-06-27,CUST_958179,RETAIL,CREDIT_CARD,,SGD,ATM,Raffles Place
2025-10-16,CUST_116078,RETAIL,SAVINGS,48104.26,SGD,CASH_WITHDRAWAL,Orchard
2026-02-04,CUST_976822,SME,LOAN,9323.72,SGD,PAYMENT,  Raffles Place  
Mar 25 2026,CUST_127941,PRIVATE,LOAN,13283.87,SGD,FX,Woodlands
2025-12-14,CUST_802667,CORPORATE,INVESTMENT,,SGD,FX,Jurong East
15/06/2026,CUST_685196,RETAIL,SAVINGS,47074.86,GBP,PAYMENT,Marina Bay
2025-07-01,CUST_953085,PRIVATE,CURRENT_ACCOUNT,22746.75,SGD,PAYMENT,Raffles Place
2025-12-08,CUST_498591,RETAIL,LOAN,31787.87,SGD,PAYMENT,Jurong East
2026-05-25,CUST_797229,SME,SAVINGS,30779.59,SGD,FX,Raffles Place
2025-10-28,CUST_817269,RETAIL,CURRENT_ACCOUNT,4684.09,SGD,FX,Tampines
2025-08-07,CUST_398761,CORPORATE,CURRENT_ACCOUNT,42396.13,SGD,Payment,Orchard
2026-03-25,CUST_479430,RETAIL,LOAN,42225.77,SGD,FX,Tampines
2025-08-09,CUST_418635,RETAIL,SAVINGS,21500.11,SGD,LOAN_REPAYMENT,  Jurong East  
2026-02-06,CUST_929090,SME,CURRENT_ACCOUNT,13230.28,SGD,PAYMENT,Marina Bay
2025-11-04,CUST_340927,RETAIL,INVESTMENT,23780.26,SGD,ATM,Marina Bay
2025-07-29,CUST_557239,RETAIL,INVESTMENT,46279.5,SGD,LOAN_REPAYMENT,Marina Bay
2025-10-11,CUST_448121,RETAIL,LOAN,4994.59,SGD,ATM,Marina Bay
2026-02-14,CUST_374680,RETAIL,LOAN,27588.5,SGD,ATM,Raffles Place
2026-06-12,CUST_317221,PRIVATE,SAVINGS,37615.2,SGD,CASH_WITHDRAWAL,Raffles Place
2025-06-28,CUST_765905,PRIVATE,CREDIT_CARD,6267.26,SGD,fx,Raffles Place
2025-07-08,CUST_356736,SME,INVESTMENT,42488.39,SGD,CASH_WITHDRAWAL,Marina Bay
2025-08-18,CUST_573947,RETAIL,CURRENT_ACCOUNT,"$20,148.51",SGD,LOAN_REPAYMENT,Jurong East
2025-10-14,CUST_891638,RETAIL,SAVINGS,30127.12,SGD,ATM,Raffles Place
2025-09-24,CUST_416528,RETAIL,CREDIT_CARD,4676.07,SGD,ATM,Jurong East
2025-07-20,CUST_883826,CORPORATE,INVESTMENT,39995.41,SGD,CASH_WITHDRAWAL,Orchard
2025-12-15,CUST_141043,RETAIL,LOAN,49549.39,SGD,FX,Orchard
Mar 03 2026,CUST_865470,SME,CREDIT_CARD,48162.8,SGD,TRANSFER,Orchard
2026-05-28,CUST_333752,RETAIL,SAVINGS,19929.31,SGD,ATM,Jurong East
2026-01-29,CUST_878586,SME,INVESTMENT,-9999,SGD,PAYMENT,Woodlands
2026-06-06,CUST_753425,RETAIL,CURRENT_ACCOUNT,35990.52,SGD,PAYMENT,Marina Bay
2026-03-01,CUST_329258,RETAIL,INVESTMENT,30104.92,SGD,LOAN_REPAYMENT,Marina Bay
2025-07-22,CUST_309902,RETAIL,SAVINGS,42642.79,SGD,LOAN_REPAYMENT,  Tampines  
Sep 05 2025,CUST_661147,CORPORATE,CURRENT_ACCOUNT,45662.35,SGD,TRANSFER,Raffles Place
2025-12-09,CUST_644173,CORPORATE,LOAN,,SGD,FX,Tampines
Jan 11 2026,CUST_856215,SME,CURRENT_ACCOUNT,20548.82,SGD,TRANSFER,  Tampines  
2025-12-12,CUST_881886,RETAIL,LOAN,22419.28,SGD,FX,Raffles Place
2026-04-06,CUST_423939,SME,CURRENT_ACCOUNT,28982.89,SGD,ATM,Jurong East
2026-06-24,CUST_954596,CORPORATE,INVESTMENT,21342.77,SGD,CASH_WITHDRAWAL,Orchard
2026-06-04,CUST_156215,RETAIL,CURRENT_ACCOUNT,"$24,235.60",SGD,CASH_WITHDRAWAL,Woodlands
2025-07-19,CUST_140804,RETAIL,CREDIT_CARD,40200.25,SGD,TRANSFER,Woodlands
2026-01-13,CUST_198907,RETAIL,LOAN,17721.34,SGD,LOAN_REPAYMENT,Raffles Place
2025-07-15,CUST_219420,PRIVATE,SAVINGS,29615.43,SGD,LOAN_REPAYMENT,Woodlands
2026-01-27,CUST_916964,RETAIL,CURRENT_ACCOUNT,25529.06,SGD,FX,Orchard
08/08/2025,CUST_770487,RETAIL,CURRENT_ACCOUNT,37080.11,SGD,TRANSFER,Marina Bay
2026-02-22,CUST_765822,RETAIL,INVESTMENT,36459.05,SGD,Cash_Withdrawal,Jurong East
2025-09-29,CUST_572407,RETAIL,CREDIT_CARD,49119.46,SGD,LOAN_REPAYMENT,Orchard
2026-06-07,CUST_755674,RETAIL,INVESTMENT,"$30,452.42",SGD,TRANSFER,Woodlands
2025-11-15,CUST_488571,RETAIL,INVESTMENT,32380.69,SGD,CASH_WITHDRAWAL,Tampines
2025-09-21,C8982,RETAIL,INVESTMENT,7659.24,SGD,PAYMENT,Marina Bay
2026-06-04,CUST_703766,CORPORATE,LOAN,19838.76,SGD,atm,Woodlands
2026-04-30,CUST_105814,RETAIL,LOAN,10949.87,SGD,LOAN_REPAYMENT,Woodlands
2026-04-26,CUST_261630,CORPORATE,LOAN,39455.95,SGD,FX,Tampines
2026-02-15,CUST_670053,RETAIL,CREDIT_CARD,35084.7,SGD,FX,Marina Bay
2025-09-09,CUST_542666,PRIVATE,CURRENT_ACCOUNT,"$19,244.52",SGD,CASH_WITHDRAWAL,Woodlands
2026-04-23,CUST_859396,CORPORATE,LOAN,48363.81,SGD,PAYMENT,Raffles Place
2026-01-03,CUST_814220,PRIVATE,INVESTMENT,16167.18,GBP,Payment,Orchard
2025-07-10,CUST_824161,CORPORATE,SAVINGS,5104.05,SGD,LOAN_REPAYMENT,Woodlands
2025-10-31,CUST_273982,RETAIL,INVESTMENT,37450.4,SGD,Payment,Tampines
2025-06-27,CUST_497382,RETAIL,LOAN,"$13,267.50",SGD,CASH_WITHDRAWAL,Jurong East
2026-03-24,CUST_439375,CORPORATE,CREDIT_CARD,-9999,SGD,FX,Marina Bay
2025-12-01,CUST_850981,RETAIL,SAVINGS,13288.07,SGD,LOAN_REPAYMENT,Jurong East
04/02/2026,CUST_311976,PRIVATE,INVESTMENT,7501.12,SGD,FX,Tampines
2025-07-12,CUST_436814,RETAIL,CURRENT_ACCOUNT,16402.72,SGD,CASH_WITHDRAWAL,Woodlands
2026-06-12,CUST_163182,RETAIL,LOAN,1596.43,SGD,TRANSFER,Marina Bay
2025-11-19,CUST_513160,PRIVATE,INVESTMENT,33153.36,SGD,CASH_WITHDRAWAL,Orchard
2026-06-07,CUST_803281,SME,INVESTMENT,48296.16,SGD,CASH_WITHDRAWAL,Woodlands
2026-04-21,CUST_797416,RETAIL,CREDIT_CARD,47680.09,SGD,CASH_WITHDRAWAL,  Raffles Place  
2025-11-03,CUST_635638,SME,LOAN,29825.33,SGD,CASH_WITHDRAWAL,Orchard
15/08/2025,CUST_502219,RETAIL,INVESTMENT,25416.96,SGD,ATM,Jurong East
2025-08-11,CUST_403507,RETAIL,CURRENT_ACCOUNT,396.42,SGD,TRANSFER,Orchard
2025-08-25,CUST_872840,CORPORATE,SAVINGS,18217.43,SGD,LOAN_REPAYMENT,Jurong East
2026-02-11,CUST_362147,RETAIL,LOAN,43707.11,SGD,ATM,Marina Bay
2025-08-11,CUST_301255,PRIVATE,INVESTMENT,12628.39,SGD,CASH_WITHDRAWAL,Raffles Place
2026-06-12,CUST_211834,RETAIL,LOAN,28600.42,SGD,LOAN_REPAYMENT,Jurong East
2025-11-11,CUST_825686,SME,CREDIT_CARD,46216.28,SGD,ATM,Marina Bay
May 13 2026,CUST_651002,SME,CREDIT_CARD,47834.71,SGD,FX,Jurong East
2026-05-30,CUST_321275,RETAIL,CURRENT_ACCOUNT,"$7,861.28",SGD,atm,Orchard
2025-09-17,C6846,RETAIL,INVESTMENT,16825.31,SGD,FX,Tampines
May 13 2026,CUST_651002,SME,CREDIT_CARD,47834.71,SGD,FX,Jurong East
2026-02-11,CUST_442589,CORPORATE,LOAN,8790.25,SGD,FX,Jurong East
2025-10-31,CUST_640418,SME,INVESTMENT,23675.25,SGD,LOAN_REPAYMENT,Orchard
2026-02-09,CUST_636141,RETAIL,SAVINGS,26824.14,SGD,LOAN_REPAYMENT,Marina Bay
2025-07-30,CUST_221761,RETAIL,SAVINGS,44364.09,SGD,CASH_WITHDRAWAL,Jurong East
2026-01-26,CUST_789023,CORPORATE,CURRENT_ACCOUNT,"$38,577.35",SGD,PAYMENT,Orchard
2025-12-15,CUST_837733,RETAIL,CURRENT_ACCOUNT,31939.18,SGD,PAYMENT,Woodlands
2026-06-19,CUST_874483,SME,CREDIT_CARD,36232.0,GBP,FX,Woodlands
2026-01-09,CUST_244170,CORPORATE,SAVINGS,3407.72,SGD,TRANSFER,Woodlands
2025-07-10,C3580,CORPORATE,LOAN,15858.87,SGD,LOAN_REPAYMENT,Jurong East
2026-02-16,CUST_612438,RETAIL,CURRENT_ACCOUNT,28274.24,SGD,TRANSFER,Jurong East
2025-09-17,CUST_325230,RETAIL,CREDIT_CARD,37618.75,SGD,ATM,Woodlands
2025-06-27,CUST_837952,RETAIL,CURRENT_ACCOUNT,45863.06,SGD,FX,Woodlands
2025-11-29,CUST_258157,RETAIL,LOAN,34700.55,SGD,ATM,Tampines
2025-10-31,CUST_459731,SME,SAVINGS,26060.53,SGD,ATM,Tampines
2026-05-03,CUST_790855,RETAIL,CREDIT_CARD,25777.45,SGD,PAYMENT,Raffles Place
2026-04-28,CUST_610310,CORPORATE,INVESTMENT,34674.71,SGD,TRANSFER,Woodlands
2025-11-07,CUST_377746,RETAIL,SAVINGS,"$37,252.00",SGD,LOA.N_REPAYMENT,Woodlands
2026-06-14,CUST_773918,PRIVATE,CURRENT_ACCOUNT,30453.66,SGD,LOAN_REPAYMENT,Jurong East
2026-02-07,CUST_739717,RETAIL,CURRENT_ACCOUNT,31773.84,SGD,LOAN_REPAYMENT,Jurong East
2025-11-13,CUST_806774,SME,SAVINGS,5359.75,SGD,TRANSFER,Orchard
2026-02-15,CUST_363626,PRIVATE,CURRENT_ACCOUNT,34017.37,SGD,FX,Jurong East
2025-07-12,CUST_416282,SME,CURRENT_ACCOUNT,"$3,050.66",SGD,CASH_WITHDRAWAL,Tampines
2026-05-05,CUST_399279,CORPORATE,CURRENT_ACCOUNT,-9999,SGD,FX,Orchard
2025-09-08,CUST_178898,CORPORATE,SAVINGS,27284.06,SGD,FX,Woodlands
2026-03-16,CUST_852524,SME,SAVINGS,34491.34,SGD,ATM,Marina Bay
2026-02-18,CUST_511776,SME,SAVINGS,-9999,SGD,CASH_WITHDRAWAL,Tampines
2026-04-19,CUST_386604,SME,LOAN,11414.64,SGD,CASH_WITHDRAWAL,Tampines
2025-12-07,CUST_930884,CORPORATE,SAVINGS,24771.48,SGD,FX,Woodlands
2026-06-22,CUST_867460,SME,CURRENT_ACCOUNT,48899.44,SGD,TRANSFER,  Orchard  
2026-06-01,CUST_189772,PRIVATE,CREDIT_CARD,3393.29,SGD,FX,Woodlands
2025-10-01,CUST_152578,PRIVATE,LOAN,25147.49,SGD,TRANSFER,Raffles Place
2025-08-10,CUST_983791,CORPORATE,LOAN,14294.56,SGD,ATM,Tampines
2025-11-05,CUST_936821,RETAIL,CURRENT_ACCOUNT,4111.08,SGD,LOAN_REPAYMENT,Marina Bay
2026-02-11,CUST_134283,RETAIL,SAVINGS,26885.05,SGD,CASH_WITHDRAWAL,Woodlands
14/07/2025,CUST_244383,PRIVATE,CREDIT_CARD,19907.72,SGD,transfer,Raffles Place
Oct 30 2025,CUST_751194,RETAIL,INVESTMENT,-9999,SGD,TRANSFER,Marina Bay
2026-06-05,CUST_910616,RETAIL,CREDIT_CARD,2112.9,USD,ATM,Jurong East
2026-05-10,CUST_639131,RETAIL,CREDIT_CARD,33452.2,SGD,TRA.NSFER,Marina Bay
2025-11-07,CUST_524045,CORPORATE,SAVINGS,15317.24,SGD,Cash_Withdrawal,Woodlands
2026-04-28,CUST_638289,RETAIL,LOAN,"$4,594.76",SGD,CASH_WITHDRAWAL,Jurong East
2025-09-10,C3235,SME,INVESTMENT,33359.96,SGD,CASH_WITHDRAWAL,  Woodlands  
2026-02-10,CUST_197584,PRIVATE,INVESTMENT,39224.09,SGD,Atm,Jurong East
2026-04-03,CUST_255287,SME,SAVINGS,2101.02,SGD,ATM,Jurong East
2026-06-11,CUST_655134,CORPORATE,CREDIT_CARD,26791.55,SGD,FX,Marina Bay
2026-06-11,CUST_972064,RETAIL,SAVINGS,2905.68,SGD,ATM,Raffles Place
2026-01-15,CUST_617488,RETAIL,CURRENT_ACCOUNT,43056.53,SGD,TRANSFER,Marina Bay
2026-04-27,C6285,RETAIL,CURRENT_ACCOUNT,17918.53,SGD,FX,Jurong East
2026-02-23,CUST_213668,PRIVATE,LOAN,17290.9,SGD,cash_withdrawal,Woodlands
2026-03-26,CUST_374492,RETAIL,LOAN,10736.38,SGD,LOAN_REPAYMENT,Tampines
2026-03-23,CUST_498343,RETAIL,LOAN,"$16,743.46",SGD,LOAN_REPAYMENT,Woodlands
2025-08-28,CUST_584125,RETAIL,CURRENT_ACCOUNT,13015.21,SGD,CASH_WITHDRAWAL,Jurong East
2026-03-29,CUST_352422,RETAIL,INVESTMENT,17651.23,SGD,CASH_WITHDRAWAL,Woodlands
2025-08-15,CUST_133782,CORPORATE,LOAN,"$30,750.01",SGD,ATM,Orchard
2025-08-10,CUST_916449,PRIVATE,CURRENT_ACCOUNT,"$29,951.24",SGD,ATM,Jurong East
2026-05-26,CUST_407696,RETAIL,CURRENT_ACCOUNT,39557.55,SGD,PAYMENT,Jurong East
2025-12-04,CUST_626986,CORPORATE,SAVINGS,29594.5,SGD,TRANSFER,Marina Bay
2025-10-27,CUST_331780,SME,CREDIT_CARD,13764.94,SGD,FX,Marina Bay
27/07/2025,CUST_197251,SME,CURRENT_ACCOUNT,17955.38,SGD,PAYMENT,Raffles Place
2025-06-30,CUST_225362,CORPORATE,INVESTMENT,"$47,544.37",SGD,TRANSFER,Orchard
2026-05-19,CUST_789305,PRIVATE,INVESTMENT,26143.91,SGD,TRANSFER,Marina Bay
2026-03-05,CUST_823811,RETAIL,SAVINGS,22174.72,USD,PAYMENT,Raffles Place
2025-08-24,CUST_549245,PRIVATE,LOAN,18106.2,EUR,TRANSFER,Woodlands
2025-11-30,CUST_891918,RETAIL,LOAN,32777.71,SGD,ATM,Orchard
2025-10-12,CUST_583000,RETAIL,SAVINGS,13789.73,SGD,LOAN_REPAYMENT,Raffles Place
2026-04-03,CUST_835392,PRIVATE,LOAN,11029.83,SGD,ATM,Orchard
2026-06-13,CUST_486649,RETAIL,CURRENT_ACCOUNT,32236.88,GBP,ATM,Woodlands
2025-06-27,CUST_499152,SME,INVESTMENT,32439.58,SGD,PAYMENT,Woodlands
2026-03-23,CUST_532322,RETAIL,SAVINGS,"$36,830.86",SGD,CASH_WITHDRAWAL,Marina Bay
2026-05-11,CUST_393243,PRIVATE,CREDIT_CARD,27793.99,SGD,TRANSFER,Raffles Place
2025-11-22,CUST_734565,PRIVATE,INVESTMENT,19841.19,SGD,ATM,Marina Bay
2026-05-15,CUST_478666,RETAIL,SAVINGS,36047.76,SGD,FX,Orchard
2025-09-08,CUST_122056,PRIVATE,INVESTMENT,11513.44,SGD,ATM,Marina Bay
2025-09-27,CUST_558176,SME,LOAN,44732.93,SGD,TRANSFER,  Tampines  
Nov 21 2025,CUST_748133,CORPORATE,CURRENT_ACCOUNT,24906.92,SGD,PAYMENT,Marina Bay
2025-11-10,CUST_791798,SME,INVESTMENT,8264.7,SGD,FX,  Tampines  
2026-03-28,CUST_407419,CORPORATE,INVESTMENT,44273.73,SGD,TRANSFER,  Marina Bay  
2026-02-13,CUST_780776,SME,CURRENT_ACCOUNT,6997.45,SGD,PAYMENT,  Tampines  
2025-12-09,CUST_457455,RETAIL,CREDIT_CARD,"$15,588.75",SGD,FX,Woodlands
2025-07-04,CUST_572700,RETAIL,LOAN,28496.78,SGD,PAYMENT,Raffles Place
2025-11-12,CUST_783823,PRIVATE,CURRENT_ACCOUNT,,SGD,TRANSFER,Orchard
2026-05-02,CUST_753534,CORPORATE,LOAN,32495.33,SGD,LOAN_REPAYMENT,Woodlands
2025-10-13,CUST_428572,RETAIL,CREDIT_CARD,6865.09,SGD,TRANSFER,Marina Bay
2026-04-28,CUST_396745,RETAIL,SAVINGS,14819.36,SGD,PAYMENT,Raffles Place
2026-05-09,CUST_656711,RETAIL,LOAN,"$49,831.61",SGD,PAYMENT,Marina Bay
2026-05-28,CUST_681070,RETAIL,LOAN,43667.84,SGD,CASH_WITHDRAWAL,Jurong East
2026-03-11,CUST_882824,RETAIL,CURRENT_ACCOUNT,23421.89,SGD,TRANSFER,Marina Bay
2026-02-25,CUST_580102,RETAIL,SAVINGS,15239.85,SGD,Payment,Woodlands
2026-04-30,CUST_439320,RETAIL,CURRENT_ACCOUNT,13046.66,SGD,PAYMENT,  Jurong East  
2025-10-24,CUST_832168,SME,CURRENT_ACCOUNT,1453.18,SGD,TRANSFER,Marina Bay
2026-04-22,CUST_495489,CORPORATE,INVESTMENT,30150.07,SGD,TRANSFER,Woodlands
2025-11-19,CUST_855303,PRIVATE,LOAN,9210.55,SGD,LOAN_REPAYMENT,Raffles Place
2026-04-06,CUST_130359,RETAIL,CREDIT_CARD,35137.91,SGD,PAYMENT,Jurong East
2025-11-28,CUST_843167,PRIVATE,CREDIT_CARD,"$23,749.88",SGD,PAYMENT,Marina Bay
2025-11-02,CUST_771652,PRIVATE,INVESTMENT,30806.19,SGD,PAYMENT,Raffles Place
2025-08-09,CUST_563513,RETAIL,SAVINGS,13360.14,SGD,PAYMENT,Tampines
Jan 18 2026,CUST_910075,SME,INVESTMENT,41248.11,SGD,FX,Tampines
2025-10-26,CUST_494747,RETAIL,INVESTMENT,23681.21,SGD,PAYMENT,Marina Bay
29/11/2025,CUST_636265,RETAIL,LOAN,44976.24,SGD,ATM,Marina Bay
2025-12-12,CUST_182237,PRIVATE,CREDIT_CARD,2694.28,SGD,ATM,Jurong East
2025-10-22,CUST_123005,CORPORATE,LOAN,13731.27,SGD,LOAN_REPAYMENT,Marina Bay
2025-12-12,CUST_182237,PRIVATE,CREDIT_CARD,2694.28,SGD,ATM,Jurong East
2025-11-17,CUST_146448,PRIVATE,LOAN,48340.89,SGD,CASH_WITHDRAWAL,  Raffles Place  
2025-09-25,CUST_913934,RETAIL,CREDIT_CARD,36371.68,SGD,TRANSFER,Orchard
23/05/2026,CUST_116547,RETAIL,CREDIT_CARD,2629.43,SGD,FX,Raffles Place
2026-03-07,CUST_940346,SME,INVESTMENT,49394.74,SGD,CASH_WITHDRAWAL,Woodlands
13/01/2026,CUST_618317,RETAIL,SAVINGS,24382.62,SGD,PAYMENT,Jurong East
2025-10-04,CUST_172518,SME,LOAN,6967.56,SGD,PAYMENT,Marina Bay
2026-02-16,CUST_266071,RETAIL,INVESTMENT,693.59,SGD,TRANSFER,Raffles Place
2026-05-23,CUST_859359,RETAIL,LOAN,45977.89,GBP,FX,Raffles Place
Oct 16 2025,CUST_437408,RETAIL,SAVINGS,28594.16,SGD,CASH_WITHDRAWAL,Raffles Place
Sep 15 2025,CUST_108454,CORPORATE,CREDIT_CARD,40857.28,GBP,CASH_WITHDRAWAL,Marina Bay
2025-08-20,CUST_726258,SME,SAVINGS,8120.74,SGD,FX,Orchard
2026-02-24,CUST_879779,SME,LOAN,12966.99,SGD,LOAN_REPAYMENT,Jurong East
2025-11-28,CUST_944657,RETAIL,INVESTMENT,39133.94,SGD,CASH_WITHDRAWAL,Marina Bay
2026-03-07,CUST_810526,PRIVATE,SAVINGS,3702.36,SGD,FX,Jurong East
2025-07-23,CUST_816318,RETAIL,LOAN,"$45,642.32",SGD,CASH_WITHDRAWAL,Marina Bay
2026-01-06,CUST_846746,RETAIL,LOAN,49731.44,SGD,CASH_WITHDRAWAL,Woodlands
Feb 17 2026,CUST_119116,RETAIL,CREDIT_CARD,9021.34,SGD,CASH_WITHDRAWAL,Orchard
2026-01-03,CUST_587575,SME,LOAN,33784.61,SGD,LOAN_REPAYMENT,Orchard
2026-04-10,CUST_234913,RETAIL,LOAN,,GBP,FX,  Jurong East  
2025-11-29,CUST_207798,RETAIL,CREDIT_CARD,9871.62,SGD,LOAN_REPAYMENT,Raffles Place
2025-08-23,CUST_819916,SME,SAVINGS,4343.53,SGD,ATM,Woodlands
2026-04-08,CUST_842411,PRIVATE,SAVINGS,13722.82,GBP,FX,Jurong East
2025-08-26,CUST_488712,RETAIL,LOAN,2295.32,SGD,LOAN_REPAYMENT,Orchard
13/07/2025,CUST_936507,SME,SAVINGS,9327.48,SGD,CASH_WITHDRAWAL,Raffles Place
2025-10-16,CUST_216587,RETAIL,SAVINGS,"$15,064.55",SGD,CASH_WITHDRAWAL,Marina Bay
2026-04-26,CUST_493892,RETAIL,INVESTMENT,"$6,658.16",SGD,ATM,Orchard
2025-12-19,CUST_294760,CORPORATE,INVESTMENT,"$33,036.99",SGD,FX.,Jurong East
2025-12-17,CUST_563864,CORPORATE,CREDIT_CARD,"$37,369.45",SGD,FX,Jurong East
2025-12-03,CUST_932463,PRIVATE,LOAN,3149.73,SGD,CASH_WITHDRAWAL,Woodlands
2025-08-01,CUST_238595,SME,CURRENT_ACCOUNT,11455.05,SGD,ATM.,Raffles Place
2025-07-08,CUST_646417,RETAIL,LOAN,8483.39,SGD,PAYMENT,Tampines
2025-09-19,CUST_578160,RETAIL,CURRENT_ACCOUNT,"$30,895.58",SGD,FX,Tampines
2026-06-09,CUST_803787,CORPORATE,LOAN,,SGD,LOAN_REPAYMENT,  Orchard  
2026-05-14,CUST_361941,RETAIL,LOAN,40403.03,SGD,ATM,Raffles Place
2025-07-12,CUST_416282,SME,CURRENT_ACCOUNT,"$3,050.66",SGD,CASH_WITHDRAWAL,Tampines
2025-07-02,CUST_209680,RETAIL,CREDIT_CARD,"$20,588.14",SGD,LOAN_REPAYMENT,Tampines
2025-11-23,CUST_803953,SME,INVESTMENT,"$15,943.54",SGD,TRANSFER,  Jurong East  
2026-01-12,CUST_631219,RETAIL,INVESTMENT,38357.83,SGD,CASH_WITHDRAWAL,Raffles Place
2025-12-11,CUST_928766,SME,CURRENT_ACCOUNT,18051.22,SGD,CASH_WITHDRAWAL,Woodlands
2026-05-10,CUST_639131,RETAIL,CREDIT_CARD,33452.2,SGD,TRA.NSFER,Marina Bay
2025-10-09,CUST_750810,CORPORATE,SAVINGS,"$46,288.93",SGD,TRANSFER,Orchard
23/05/2026,CUST_706007,RETAIL,INVESTMENT,42622.6,SGD,LOAN_REPAYMENT,Raffles Place
2026-03-13,CUST_353080,CORPORATE,LOAN,24434.01,SGD,LOAN_REPAYMENT,Tampines
2026-05-29,CUST_106182,RETAIL,CREDIT_CARD,37676.22,SGD,cash_withdrawal,Woodlands
2025-12-26,CUST_533911,SME,CURRENT_ACCOUNT,36244.94,SGD,TRANSFER,Woodlands
2025-08-31,CUST_865179,SME,INVESTMENT,"$6,250.06",SGD,Atm,Woodlands
2026-04-15,CUST_246942,PRIVATE,CREDIT_CARD,11715.73,SGD,FX,Jurong East
2026-03-26,CUST_536045,CORPORATE,INVESTMENT,45640.72,SGD,LOAN_REPAYMENT,Orchard
2026-06-05,CUST_779776,RETAIL,SAVINGS,714.07,SGD,PAYMENT,Woodlands
2025-08-18,CUST_498468,RETAIL,LOAN,43620.43,SGD,ATM,Orchard
2025-08-26,CUST_861319,RETAIL,INVESTMENT,29000.37,SGD,TRANSFER,Tampines
2026-02-13,CUST_649395,RETAIL,CURRENT_ACCOUNT,47259.95,SGD,ATM,Tampines
2026-06-22,CUST_526156,SME,LOAN,10695.23,SGD,ATM.,Orchard
2025-11-13,CUST_214928,SME,INVESTMENT,15390.81,SGD,loan_repayment,Marina Bay
2025-07-31,CUST_737846,RETAIL,CURRENT_ACCOUNT,6318.32,SGD,FX,Woodlands
Apr 01 2026,CUST_428399,RETAIL,SAVINGS,15275.95,SGD,LOAN_REPAYMENT,Orchard
Dec 18 2025,CUST_583863,RETAIL,SAVINGS,24923.79,SGD,FX,Marina Bay
2025-08-24,CUST_393992,PRIVATE,INVESTMENT,32908.88,SGD,PAYMENT,Raffles Place
2025-08-08,CUST_386706,SME,LOAN,49012.43,SGD,FX,Orchard
2025-09-02,CUST_697983,PRIVATE,SAVINGS,18132.56,SGD,CASH_WITHDRAWAL,Woodlands
20/01/2026,CUST_921875,RETAIL,LOAN,19300.42,SGD,LOAN_REPAYMENT,Woodlands
2025-12-20,CUST_259097,RETAIL,INVESTMENT,47456.79,SGD,TRANSFER,Raffles Place
2025-11-30,CUST_922478,RETAIL,INVESTMENT,48866.69,GBP,FX,Raffles Place
2026-05-17,CUST_593152,RETAIL,INVESTMENT,2613.76,USD,TRANSFER,Marina Bay
2025-08-09,CUST_563513,RETAIL,SAVINGS,13360.14,SGD,PAYMENT,Tampines
2026-06-04,CUST_481574,RETAIL,CREDIT_CARD,19376.95,SGD,LOAN_REPAYMENT,Woodlands
2025-11-12,CUST_413814,RETAIL,INVESTMENT,12031.2,SGD,Cash_Withdrawal,Marina Bay
2026-03-08,CUST_171951,CORPORATE,CURRENT_ACCOUNT,37714.12,SGD,TRANSFER,Raffles Place
2026-06-01,CUST_685941,SME,CREDIT_CARD,36166.77,SGD,ATM,Marina Bay
Jul 14 2025,CUST_962050,RETAIL,LOAN,24592.41,SGD,LOAN_REPAYMENT,Raffles Place
2025-10-14,CUST_803055,CORPORATE,INVESTMENT,,SGD,TRANSFER,Tampines
Sep 01 2025,CUST_967611,SME,LOAN,20805.32,SGD,CASH_WITHDRAWAL,Jurong East
2025-08-04,CUST_337547,RETAIL,SAVINGS,3867.48,SGD,ATM,Woodlands
2025-08-23,CUST_810029,RETAIL,CURRENT_ACCOUNT,26530.11,SGD,LOAN_REPAYMENT,Orchard
2026-06-02,CUST_456717,PRIVATE,SAVINGS,15636.0,SGD,LOAN_REPAYMENT,Jurong East
2026-02-22,CUST_328486,PRIVATE,CURRENT_ACCOUNT,-9999,SGD,ATM,Woodlands
2025-08-19,CUST_228473,RETAIL,LOAN,12403.46,SGD,PAYMENT,Tampines
2025-12-26,CUST_666820,RETAIL,LOAN,37782.91,SGD,LOAN_REPAYMENT,Marina Bay
2025-10-28,CUST_932250,RETAIL,INVESTMENT,"$11,219.84",GBP,TRANSFER,Orchard
2026-03-23,CUST_572398,SME,CREDIT_CARD,"$43,009.73",EUR,PAYMENT,Woodlands
2026-05-07,CUST_622987,RETAIL,LOAN,1168.58,SGD,FX,Tampines
2025-12-08,CUST_703727,SME,INVESTMENT,,SGD,PAYMENT,Raffles Place
2026-04-11,CUST_123682,RETAIL,CURRENT_ACCOUNT,33860.2,SGD,LOAN_REPAYMENT,Orchard
2025-10-15,CUST_157443,RETAIL,SAVINGS,"$15,077.95",SGD,TRANSFER,Jurong East
2025-08-13,CUST_402099,CORPORATE,CREDIT_CARD,35152.35,SGD,LOAN_REPAYMENT,Orchard
2025-06-29,CUST_189110,RETAIL,SAVINGS,32883.51,SGD,LOAN_REPAYMENT,Woodlands
2025-10-11,CUST_174461,PRIVATE,CURRENT_ACCOUNT,49344.26,SGD,TRANSFER,Tampines
02/11/2025,CUST_689318,CORPORATE,CREDIT_CARD,6872.28,SGD,FX,Orchard
2025-10-01,CUST_259814,RETAIL,CREDIT_CARD,11508.63,SGD,TRANSFER,Tampines
2026-01-28,CUST_336422,RETAIL,INVESTMENT,44747.35,SGD,PAYMENT,Orchard
2025-11-04,CUST_663356,SME,INVESTMENT,"$6,376.08",GBP,ATM,Raffles Place
2025-12-03,CUST_185168,RETAIL,INVESTMENT,13240.15,SGD,FX,Tampines
2026-06-16,CUST_432427,CORPORATE,CURRENT_ACCOUNT,22504.23,SGD,PAYMENT,Orchard
2026-05-29,CUST_251363,SME,CURRENT_ACCOUNT,28123.67,USD,FX,Woodlands
2026-06-17,CUST_640310,RETAIL,CURRENT_ACCOUNT,20047.65,SGD,TRANSFER,Tampines
2025-12-05,CUST_777278,CORPORATE,LOAN,22414.25,SGD,PAYMENT,Orchard
Mar 08 2026,CUST_807617,RETAIL,LOAN,1260.98,SGD,FX,Jurong East
2026-03-10,CUST_274971,SME,CREDIT_CARD,7023.42,SGD,CASH_WITHDRAWAL,Woodlands
2026-02-18,CUST_807160,RETAIL,SAVINGS,30551.62,SGD,CASH_WITHDRAWAL,Tampines
2025-10-25,CUST_446337,CORPORATE,LOAN,5036.24,SGD,ATM,Woodlands
2026-04-15,CUST_356355,RETAIL,LOAN,5808.17,SGD,ATM,Jurong East
2025-12-17,CUST_151040,RETAIL,CURRENT_ACCOUNT,"$20,119.24",SGD,TRANSFER,Raffles Place
2026-04-26,CUST_158900,RETAIL,INVESTMENT,"$3,718.79",SGD,ATM,Raffles Place
2026-05-26,CUST_133796,SME,CREDIT_CARD,"$17,435.36",SGD,CASH_WITHDRAWAL,Raffles Place
Feb 26 2026,CUST_739905,CORPORATE,LOAN,8307.42,SGD,TRANSFER,Orchard
2026-06-17,CUST_366314,SME,CREDIT_CARD,"$33,345.37",SGD,CASH_WITHDRAWAL,Jurong East
2025-12-05,CUST_121753,CORPORATE,CREDIT_CARD,28816.59,SGD,TRANSFER,Tampines
2026-03-06,CUST_819425,RETAIL,LOAN,35622.94,SGD,ATM,Jurong East
2025-11-07,CUST_451577,RETAIL,SAVINGS,1924.78,SGD,CASH_WITHDRAWAL,Marina Bay
2026-03-30,CUST_561124,RETAIL,LOAN,22115.98,SGD,PAYMENT,Woodlands
2026-01-20,CUST_575786,RETAIL,CREDIT_CARD,12577.67,SGD,TRANSFER,  Jurong East  
15/06/2026,CUST_831295,RETAIL,LOAN,5138.36,SGD,PAYMENT,Tampines
2025-12-15,CUST_316092,RETAIL,CURRENT_ACCOUNT,29701.27,SGD,LOAN_REPAYMENT,Marina Bay
2026-05-22,CUST_524707,RETAIL,CREDIT_CARD,8601.94,SGD,CASH_WITHDRAWAL,Marina Bay
2025-12-27,CUST_566339,RETAIL,CREDIT_CARD,5120.55,SGD,CASH_WITHDRAWAL,Tampines
2025-11-01,CUST_898867,RETAIL,INVESTMENT,43658.02,SGD,CASH_WITHDRAWAL,Woodlands
2026-05-30,CUST_321275,RETAIL,CURRENT_ACCOUNT,"$7,861.28",SGD,atm,Orchard
Sep 30 2025,CUST_127172,CORPORATE,SAVINGS,24957.21,SGD,FX,Raffles Place
16/05/2026,CUST_242736,RETAIL,CREDIT_CARD,30164.53,SGD,CASH_WITHDRAWAL,Jurong East
2026-01-31,CUST_587455,SME,INVESTMENT,13427.09,SGD,ATM,  Jurong East  
2025-08-17,CUST_859489,CORPORATE,INVESTMENT,,SGD,PAYMENT,Jurong East
2025-09-19,CUST_401769,RETAIL,INVESTMENT,33834.35,SGD,CASH_WITHDRAWAL,Jurong East
2025-11-29,CUST_230394,SME,CREDIT_CARD,34989.69,SGD,FX,Woodlands
2025-07-12,CUST_283640,CORPORATE,LOAN,,SGD,PAYMENT,Marina Bay
Jan 17 2026,CUST_225710,PRIVATE,SAVINGS,28950.16,SGD,ATM,Tampines
2026-01-11,CUST_796787,CORPORATE,SAVINGS,"$2,598.85",SGD,LOAN_REPAYMENT,  Marina Bay  
2026-04-15,CUST_128941,RETAIL,CREDIT_CARD,8936.61,USD,PAYMENT,Raffles Place
2025-08-07,CUST_260891,CORPORATE,LOAN,"$47,441.69",SGD,ATM,Woodlands
2026-04-01,CUST_399607,RETAIL,CREDIT_CARD,"$16,799.02",SGD,ATM,Orchard
2026-05-17,CUST_248298,RETAIL,CREDIT_CARD,48385.15,SGD,CASH_WITHDRAWAL,Orchard
2026-05-23,CUST_818987,RETAIL,INVESTMENT,"$45,085.79",SGD,ATM,Tampines
2026-01-27,CUST_791309,SME,CURRENT_ACCOUNT,$340.55,SGD,ATM,Raffles Place
2025-10-10,CUST_761820,CORPORATE,CREDIT_CARD,49871.32,SGD,CASH_WITHDRAWAL,Raffles Place
2025-11-21,CUST_771088,CORPORATE,INVESTMENT,10988.56,SGD,ATM,  Orchard  
2025-10-04,CUST_300896,RETAIL,INVESTMENT,22436.19,SGD,PAYMENT,Tampines
2026-06-24,CUST_491559,SME,INVESTMENT,"$22,579.79",SGD,ATM,Jurong East
2025-08-22,CUST_940886,RETAIL,SAVINGS,31834.53,SGD,LOAN_REPAYMENT,Marina Bay
2026-05-21,CUST_533321,RETAIL,SAVINGS,25926.79,SGD,CASH_WITHDRAWAL,Marina Bay
2026-04-19,C4657,SME,LOAN,11414.64,SGD,CASH_WITHDRAWAL,Tampines
2025-11-17,CUST_823975,PRIVATE,SAVINGS,17254.92,SGD,ATM,Jurong East
2025-10-26,CUST_498676,PRIVATE,SAVINGS,25018.11,SGD,PAYMENT,Raffles Place
Feb 10 2026,CUST_453894,SME,CREDIT_CARD,-9999,SGD,PAYMENT,Raffles Place
2026-01-11,CUST_208618,RETAIL,CREDIT_CARD,5780.28,SGD,FX,  Orchard  
2025-08-01,CUST_154909,CORPORATE,CREDIT_CARD,3304.93,SGD,LOAN_REPAYMENT,Tampines
2026-03-09,CUST_829417,PRIVATE,SAVINGS,"$19,837.64",SGD,payment,Jurong East
2026-03-08,CUST_165142,CORPORATE,CURRENT_ACCOUNT,23275.1,SGD,loan_repayment,Woodlands
2026-02-28,CUST_875520,SME,LOAN,,SGD,TRANSFER,Orchard
2025-07-07,CUST_885395,CORPORATE,CREDIT_CARD,29232.16,SGD,PAYMENT,Raffles Place
2026-02-19,CUST_328275,RETAIL,INVESTMENT,36789.5,SGD,PAYMENT,Raffles Place
Jan 13 2026,CUST_953266,CORPORATE,CREDIT_CARD,45934.94,SGD,LOAN_REPAYMENT,Orchard
2026-06-23,CUST_491172,SME,LOAN,"$28,254.46",EUR,transfer,Jurong East
29/05/2026,CUST_530764,RETAIL,LOAN,43405.93,SGD,PAYMENT,Woodlands
2026-02-05,CUST_347459,CORPORATE,CREDIT_CARD,18113.91,SGD,ATM,Woodlands
2026-04-25,CUST_221886,CORPORATE,SAVINGS,35848.73,SGD,FX,Tampines
2026-02-23,CUST_986982,PRIVATE,CURRENT_ACCOUNT,"$14,260.30",SGD,PAYMENT,  Tampines  
2026-02-21,CUST_286266,SME,CREDIT_CARD,14579.49,SGD,CASH_WITHDRAWAL,Woodlands
20/05/2026,CUST_832052,SME,CREDIT_CARD,13900.79,SGD,PAYMENT,Raffles Place
Sep 21 2025,CUST_127965,SME,CURRENT_ACCOUNT,19828.73,SGD,CASH_WITHDRAWAL,  Raffles Place  
2026-01-25,CUST_913308,RETAIL,SAVINGS,40537.03,SGD,PAYMENT,Marina Bay
2025-11-06,CUST_853252,RETAIL,SAVINGS,48236.39,SGD,ATM,Jurong East
31/03/2026,CUST_649414,RETAIL,LOAN,,SGD,TRANSFER,Jurong East
2025-10-28,CUST_857065,CORPORATE,LOAN,,SGD,LOAN_REPAYMENT,  Raffles Place  
2026-05-18,CUST_763928,RETAIL,CURRENT_ACCOUNT,"$37,308.13",SGD,CASH_WITHDRAWAL,Tampines
2025-08-17,CUST_111060,RETAIL,CREDIT_CARD,11107.83,SGD,FX,Woodlands
2025-09-30,CUST_904751,CORPORATE,SAVINGS,"$31,416.12",SGD,LOAN_REPAYMENT,Raffles Place
2025-08-06,CUST_751517,RETAIL,SAVINGS,6319.79,SGD,FX,Orchard
2025-11-07,CUST_236074,PRIVATE,CURRENT_ACCOUNT,"$3,296.75",SGD,LOAN_REPAYMENT,Marina Bay
2025-10-10,C8157,RETAIL,SAVINGS,7878.92,SGD,LOAN_REPAYMENT,Raffles Place
2025-09-09,CUST_870763,RETAIL,CREDIT_CARD,"$7,968.30",SGD,CASH_WITHDRAWAL,Raffles Place
2026-02-19,CUST_579434,RETAIL,CURRENT_ACCOUNT,475.68,SGD,FX,Raffles Place
2026-03-14,CUST_698782,PRIVATE,LOAN,"$12,157.43",SGD,CASH_WITHDRAWAL,Orchard
2025-09-13,CUST_365971,CORPORATE,CURRENT_ACCOUNT,17861.12,SGD,TRANSFER,Marina Bay
2026-03-10,CUST_313795,SME,INVESTMENT,38750.87,SGD,LOAN_REPAYMENT,Marina Bay
2025-10-27,CUST_734836,SME,CURRENT_ACCOUNT,39656.87,SGD,LOAN_REPAYMENT,Marina Bay
2026-04-18,CUST_561477,RETAIL,SAVINGS,31407.72,SGD,CASH_WITHDRAWAL,Woodlands
2025-07-03,CUST_322086,PRIVATE,SAVINGS,35650.32,SGD,LOAN_REPAYMENT,Marina Bay
2025-10-06,C6198,RETAIL,CREDIT_CARD,18809.0,SGD,Cash_Withdrawal,Jurong East
08/11/2025,CUST_285751,CORPORATE,LOAN,23203.01,SGD,FX,Tampines
2025-10-21,CUST_368355,RETAIL,SAVINGS,"$27,444.72",SGD,FX,Tampines
Feb 03 2026,CUST_240606,SME,SAVINGS,12757.23,SGD,ATM,Tampines
2026-05-06,CUST_192055,CORPORATE,CREDIT_CARD,33395.31,SGD,FX,Woodlands
2026-05-21,CUST_532067,PRIVATE,SAVINGS,8507.48,SGD,CASH_WITHDRAWAL,Woodlands
2025-09-15,CUST_536181,RETAIL,CURRENT_ACCOUNT,41567.57,SGD,payment,Jurong East
2025-12-05,CUST_765620,SME,CURRENT_ACCOUNT,"$23,505.82",SGD,PAYMENT,Marina Bay
2026-03-02,CUST_593554,RETAIL,SAVINGS,40831.16,SGD,payment,Orchard
2025-11-18,CUST_733039,RETAIL,CURRENT_ACCOUNT,,USD,FX,Woodlands
2025-10-13,CUST_102805,SME,LOAN,34471.66,SGD,ATM,Orchard
2025-10-18,CUST_117500,PRIVATE,CURRENT_ACCOUNT,699.53,SGD,ATM,Tampines
2026-05-04,CUST_172933,RETAIL,SAVINGS,38655.69,GBP,TRANSFER,Raffles Place
2026-04-11,CUST_215233,RETAIL,CURRENT_ACCOUNT,22057.52,SGD,CASH_WITHDRAWAL,Marina Bay
2026-05-11,CUST_599968,RETAIL,SAVINGS,29688.04,SGD,CASH_WITHDRAWAL,Raffles Place
2025-08-10,CUST_468203,CORPORATE,INVESTMENT,,GBP,FX,  Jurong East  
2025-10-24,CUST_754813,CORPORATE,INVESTMENT,16887.6,SGD,ATM.,Raffles Place
23/02/2026,CUST_429963,RETAIL,LOAN,19787.64,SGD,CASH_WITHDRAWAL,Orchard
2025-07-09,CUST_251157,SME,SAVINGS,3750.66,SGD,PAYMENT,Jurong East
2026-01-15,CUST_543555,CORPORATE,INVESTMENT,33096.95,SGD,TRANSFER,Jurong East
2025-12-25,CUST_988283,RETAIL,CURRENT_ACCOUNT,"$26,786.42",SGD,ATM,Jurong East
19/08/2025,CUST_148174,RETAIL,LOAN,823.9,SGD,TRANSFER,Tampines
2026-02-25,CUST_684041,PRIVATE,INVESTMENT,20408.13,SGD,PAYMENT,Woodlands
2025-09-15,C3854,SME,LOAN,24288.23,SGD,PAYMENT,Orchard
Jun 27 2026,CUST_469685,PRIVATE,LOAN,13735.02,GBP,ATM,Raffles Place
2026-05-27,CUST_511612,PRIVATE,CURRENT_ACCOUNT,"$17,402.75",SGD,FX,Orchard
2025-09-16,CUST_390421,CORPORATE,CURRENT_ACCOUNT,12415.87,SGD,LOAN_REPAYMENT,Woodlands
2025-10-11,CUST_354235,RETAIL,INVESTMENT,11291.33,SGD,ATM,Tampines
2026-04-28,CUST_571579,PRIVATE,SAVINGS,16083.12,SGD,TRA.NSFER,Raffles Place
2026-06-10,CUST_427626,RETAIL,CURRENT_ACCOUNT,28900.15,SGD,loan_repayment,Tampines
Jan 08 2026,CUST_106402,RETAIL,SAVINGS,28320.39,SGD,TRANSFER,Marina Bay
2025-08-24,CUST_969325,PRIVATE,INVESTMENT,"$9,106.34",USD,CASH_WITHDRAWAL,Woodlands
2025-12-23,CUST_866437,SME,CREDIT_CARD,42506.81,SGD,CASH_WITHDRAWAL,Orchard
2026-03-26,CUST_485709,CORPORATE,INVESTMENT,49222.15,SGD,PAYMENT,Tampines
2026-06-06,CUST_753425,RETAIL,CURRENT_ACCOUNT,35990.52,SGD,PAYMENT,Marina Bay
2026-04-26,CUST_550513,RETAIL,LOAN,"$13,434.16",SGD,PAYMENT,Woodlands
15/06/2026,CUST_416768,SME,SAVINGS,40236.36,SGD,PAYMENT,Tampines
2025-09-15,CUST_416613,PRIVATE,INVESTMENT,581.67,SGD,LOAN_REPAYMENT,Orchard
2026-03-21,CUST_146489,RETAIL,INVESTMENT,16933.98,SGD,LOAN_REPAYMENT,Tampines
2025-10-23,CUST_906315,PRIVATE,SAVINGS,-9999,SGD,CASH_WITHDRAWAL,Jurong East
2025-09-11,CUST_440131,RETAIL,CREDIT_CARD,17929.58,SGD,TRANSFER,Woodlands
2026-04-03,CUST_632496,RETAIL,SAVINGS,3435.38,SGD,TRA.NSFER,Tampines
2025-08-22,CUST_891615,PRIVATE,CURRENT_ACCOUNT,17265.19,SGD,LOAN_REPAYMENT,Marina Bay
11/11/2025,CUST_158840,CORPORATE,CURRENT_ACCOUNT,35145.23,SGD,CASH_WITHDRAWAL,Marina Bay
2025-09-30,CUST_326441,RETAIL,CREDIT_CARD,"$38,720.69",SGD,Fx,Raffles Place
2025-08-23,CUST_856157,RETAIL,SAVINGS,38158.44,SGD,FX,Tampines
2026-01-27,CUST_971482,RETAIL,LOAN,22435.59,SGD,ATM,Raffles Place
2026-03-22,CUST_210665,SME,CREDIT_CARD,31782.9,SGD,LOAN_REPAYMENT,Orchard
2025-07-02,CUST_994343,RETAIL,INVESTMENT,24431.71,SGD,ATM,Raffles Place
2025-10-27,CUST_677390,CORPORATE,CREDIT_CARD,12873.76,SGD,LOAN_REPAYMENT,Marina Bay
2025-09-19,CUST_207473,CORPORATE,INVESTMENT,"$4,356.07",SGD,ATM,Raffles Place
2025-09-04,CUST_629990,CORPORATE,LOAN,-9999,SGD,LOAN_REPAYMENT,Tampines
2026-01-28,CUST_798435,CORPORATE,SAVINGS,5980.96,SGD,LOAN_REPAYMENT,Raffles Place
2026-05-06,CUST_356150,RETAIL,CREDIT_CARD,7895.76,SGD,LOAN_REPAYMENT,Jurong East
2026-05-15,CUST_253023,RETAIL,SAVINGS,21739.47,SGD,cash_withdrawal,Raffles Place
2026-03-05,CUST_587115,RETAIL,INVESTMENT,"$12,467.42",SGD,CASH_WITHDRAWAL,Orchard
2026-02-19,CUST_683397,RETAIL,INVESTMENT,47831.66,SGD,Loan_Repayment,Raffles Place
23/04/2026,CUST_806073,CORPORATE,CURRENT_ACCOUNT,3040.03,SGD,ATM,Orchard
2025-12-16,CUST_710527,SME,INVESTMENT,25335.57,SGD,LOAN_REPAYMENT,Tampines
2025-08-18,CUST_662093,RETAIL,INVESTMENT,28756.62,SGD,PAYMENT,Tampines
2026-05-29,CUST_128223,CORPORATE,LOAN,47149.32,SGD,PAYMENT,Marina Bay
2026-02-17,CUST_412856,SME,INVESTMENT,21212.16,SGD,TRANSFER,Orchard
2025-12-27,CUST_386193,SME,LOAN,"$1,460.95",SGD,LOAN_REPAYMENT,Tampines
2025-08-15,CUST_265613,SME,LOAN,23877.65,SGD,PAYMENT,Jurong East
2026-06-21,CUST_642899,PRIVATE,INVESTMENT,9440.44,SGD,LOAN_REPAYMENT,Raffles Place
2025-08-26,CUST_385577,RETAIL,INVESTMENT,"$10,539.38",SGD,Loan_Repayment,Marina Bay
2025-09-07,CUST_590755,RETAIL,SAVINGS,"$40,442.61",SGD,LOAN_REPAYMENT,Tampines
2025-07-17,CUST_101640,PRIVATE,CREDIT_CARD,12035.81,SGD,LOAN_REPAYMENT,Marina Bay
2025-09-17,CUST_397949,RETAIL,INVESTMENT,"$43,665.25",SGD,FX,Marina Bay
2025-11-03,CUST_961722,RETAIL,CREDIT_CARD,20064.23,SGD,FX,Marina Bay
07/05/2026,CUST_572230,PRIVATE,CREDIT_CARD,41267.31,SGD,FX,Raffles Place
2026-05-01,CUST_907189,PRIVATE,CURRENT_ACCOUNT,42838.03,SGD,CASH_WITHDRAWAL,Tampines
Nov 07 2025,CUST_117007,RETAIL,INVESTMENT,46738.56,SGD,CASH_WITHDRAWAL,Jurong East
2025-08-09,CUST_400009,RETAIL,CURRENT_ACCOUNT,43291.26,SGD,ATM,Jurong East
2026-04-20,CUST_769975,SME,CREDIT_CARD,22847.22,SGD,CASH_WITHDRAWAL,Tampines
2025-08-12,CUST_165306,CORPORATE,SAVINGS,25938.97,SGD,LOAN_REPAYMENT,Tampines
2026-03-10,CUST_274971,SME,CREDIT_CARD,7023.42,SGD,CASH_WITHDRAWAL,Woodlands
2025-12-10,CUST_617781,SME,CURRENT_ACCOUNT,"$29,905.85",SGD,LOAN_REPAYMENT,Jurong East
2026-05-21,CUST_518084,RETAIL,CREDIT_CARD,25753.86,SGD,TRANSFER,Tampines
2026-03-18,CUST_814138,CORPORATE,CURRENT_ACCOUNT,15515.37,SGD,TRANSFER,Raffles Place
2025-12-22,CUST_640546,RETAIL,CREDIT_CARD,46569.12,SGD,CASH_WITHDRAWAL,Woodlands
2025-09-10,CUST_723945,CORPORATE,CURRENT_ACCOUNT,15486.0,SGD,PAYMENT,Orchard
15/09/2025,CUST_765095,SME,CREDIT_CARD,2213.9,SGD,TRANSFER,Marina Bay
2026-04-09,CUST_864715,CORPORATE,LOAN,18729.3,SGD,CASH_WITHDRAWAL,Tampines
2025-12-24,CUST_741390,CORPORATE,INVESTMENT,401.08,SGD,PAYMENT,Marina Bay
2025-12-01,CUST_576782,SME,CREDIT_CARD,29101.96,SGD,Loan_Repayment,Raffles Place
01/05/2026,CUST_656639,PRIVATE,CREDIT_CARD,41525.33,SGD,CASH_WITHDRAWAL,Jurong East
14/08/2025,CUST_206694,PRIVATE,SAVINGS,18295.99,SGD,ATM,Jurong East
2026-04-27,CUST_232040,PRIVATE,SAVINGS,3439.82,SGD,TRANSFER,Woodlands
2025-11-13,CUST_214928,SME,INVESTMENT,15390.81,SGD,loan_repayment,Marina Bay
Aug 12 2025,CUST_944565,RETAIL,INVESTMENT,17547.27,SGD,FX,Orchard
Apr 05 2026,CUST_389282,RETAIL,CURRENT_ACCOUNT,47451.05,SGD,ATM,Marina Bay
2025-07-06,CUST_151426,PRIVATE,LOAN,41643.62,SGD,TRANSFER,Woodlands
2026-06-17,CUST_320281,CORPORATE,SAVINGS,33350.0,SGD,FX,Tampines
04/07/2025,CUST_578693,RETAIL,LOAN,10123.89,SGD,TRANSFER,Marina Bay
2025-08-23,CUST_176819,PRIVATE,SAVINGS,25299.18,SGD,payment,Raffles Place
2025-09-28,CUST_576419,CORPORATE,INVESTMENT,"$26,220.68",SGD,TRANSFER,Woodlands
2025-08-01,CUST_722937,PRIVATE,LOAN,23140.96,SGD,LOAN_REPAYMENT,Raffles Place
2026-02-14,CUST_627335,PRIVATE,LOAN,48313.74,SGD,FX,Orchard
2025-10-28,CUST_857168,CORPORATE,CREDIT_CARD,48594.69,SGD,FX,Raffles Place
2025-09-23,CUST_240440,RETAIL,CREDIT_CARD,38195.2,SGD,CASH_WITHDRAWAL,Raffles Place
2025-08-05,CUST_672892,RETAIL,LOAN,,SGD,TRANSFER,Jurong East
2025-10-06,CUST_897305,CORPORATE,CURRENT_ACCOUNT,22189.49,SGD,ATM,Raffles Place
2026-01-31,CUST_545120,RETAIL,LOAN,30126.64,SGD,FX,Jurong East
2025-10-07,CUST_873207,PRIVATE,SAVINGS,-9999,SGD,ATM,Marina Bay
03/08/2025,CUST_390743,RETAIL,SAVINGS,27015.37,SGD,ATM,Marina Bay
2026-06-27,CUST_621433,SME,CURRENT_ACCOUNT,40142.8,SGD,PAYMENT,Orchard
2025-08-03,CUST_601916,PRIVATE,LOAN,"$38,460.54",SGD,ATM,  Orchard  
2026-01-25,CUST_261771,CORPORATE,LOAN,"$15,840.74",SGD,ATM,Jurong East
2026-02-28,CUST_979727,PRIVATE,LOAN,,SGD,CASH_WITHDRAWAL,Raffles Place
2025-08-29,CUST_109717,RETAIL,INVESTMENT,30143.12,SGD,PAYMENT,Jurong East
2025-10-19,CUST_493124,RETAIL,CURRENT_ACCOUNT,"$15,941.06",SGD,LOAN_REPAYMENT,Marina Bay
2026-02-21,CUST_745270,SME,SAVINGS,48134.67,SGD,PAYMENT,Woodlands
2026-05-11,CUST_910208,SME,CREDIT_CARD,46713.08,SGD,ATM,Jurong East
2026-02-15,CUST_377405,CORPORATE,INVESTMENT,,SGD,CASH_WITHDRAWAL,Raffles Place
Jun 05 2026,CUST_664742,SME,CREDIT_CARD,16628.67,SGD,CASH_WITHDRAWAL,Tampines
2025-10-08,CUST_947975,RETAIL,LOAN,6605.9,SGD,FX,Raffles Place
2026-05-05,CUST_587623,CORPORATE,CREDIT_CARD,38347.24,SGD,FX,Marina Bay
2026-04-11,CUST_705526,PRIVATE,CREDIT_CARD,11852.83,SGD,LOAN_REPAYMENT,Woodlands
2026-01-15,CUST_527398,RETAIL,INVESTMENT,23301.56,SGD,CASH_WITHDRAWAL,Tampines
2026-04-12,CUST_963274,RETAIL,INVESTMENT,41132.32,SGD,LOAN_REPAYMENT,  Tampines  
2025-10-14,CUST_672808,RETAIL,CREDIT_CARD,30507.73,SGD,TRA.NSFER,Jurong East
2025-12-09,CUST_457455,RETAIL,CREDIT_CARD,"$15,588.75",SGD,FX,  Woodlands  
2026-03-03,CUST_787757,RETAIL,SAVINGS,12491.37,SGD,TRANSFER,Marina Bay
2025-08-08,CUST_601968,SME,CREDIT_CARD,9226.34,SGD,CASH_WITHDRAWAL,Raffles Place
2026-03-16,CUST_852524,SME,SAVINGS,34491.34,SGD,ATM,Marina Bay
2026-04-29,CUST_905934,CORPORATE,CREDIT_CARD,5586.49,SGD,CASH_WITHDRAWAL,Raffles Place
2026-02-26,CUST_322409,CORPORATE,INVESTMENT,"$48,554.95",SGD,PAYMENT,Orchard
2025-12-27,CUST_528231,RETAIL,LOAN,34863.45,SGD,Transfer,Tampines
2025-07-05,CUST_556641,RETAIL,INVESTMENT,48274.03,SGD,FX,Tampines
2026-05-08,CUST_829168,SME,SAVINGS,40576.77,SGD,CASH_WITHDRAWAL,Raffles Place
2026-05-19,CUST_821068,PRIVATE,SAVINGS,22294.47,SGD,LOAN_REPAYMENT,Woodlands
2025-07-10,CUST_824161,CORPORATE,SAVINGS,,SGD,LOAN_REPAYMENT,Woodlands
